0,0.227,0.0891,1.51,0.0176,0.175,0.0743,1.27,0.0156,117,31,508,5.89,0
0,0.249,0.0939,1.68,0.0177,0.196,0.0733,1.41,0.0157,125,38.6,608,5.93,0
0,0.261,0.117,2.19,0.0179,0.195,0.0925,1.92,0.016,135,43.7,985,6.19,0
0,0.248,0.11,1.91,0.0177,0.182,0.0824,1.6,0.0158,123,41.6,855,6.07,0
0,0.231,0.0834,1.87,0.0179,0.183,0.0649,1.61,0.0159,102,30,709,5.88,0
0,0.227,0.0919,2.06,0.0179,0.176,0.0705,1.8,0.0158,98,29.5,833,6.19,0
0,0.277,0.111,2.15,0.0178,0.206,0.0836,1.88,0.0158,146,49.3,927,6.13,0
0,0.264,0.112,2.32,0.0179,0.204,0.0896,2.06,0.0158,144,43.1,1180,6.24,0
0,0.27,0.103,2.18,0.0177,0.204,0.0811,1.9,0.0157,141,40.7,1090,6.06,0
0,0.315,0.125,2.21,0.018,0.229,0.0884,1.92,0.016,163,50.6,1120,6.2,0
0,0.289,0.124,2.37,0.0181,0.218,0.0929,2.11,0.0159,151,56.7,1120,6.45,0
0,0.296,0.109,2.01,0.0177,0.238,0.0852,1.7,0.0158,156,47.4,976,6.11,0
0,0.254,0.152,2.26,0.0179,0.184,0.124,1.98,0.0158,137,57,1130,6.33,0
0,0.388,0.166,2.45,0.018,0.28,0.13,2.21,0.0158,208,63.8,1220,6.26,0
0,0.232,0.139,1.94,0.018,0.171,0.116,1.68,0.0159,122,46.5,716,6.14,0
0,0.218,0.148,2.13,0.0178,0.165,0.125,1.84,0.0157,128,51.3,974,6.01,0
0,0.295,0.159,2.25,0.0179,0.212,0.13,1.99,0.0158,156,57.1,999,6.33,0
0,0.288,0.164,2.17,0.0176,0.22,0.136,1.89,0.0155,157,63.3,1050,6.08,0
0,0.21,0.136,2.06,0.018,0.155,0.11,1.78,0.0158,97.9,44.9,868,6.09,0
0,0.312,0.156,2.17,0.0179,0.233,0.129,1.88,0.0157,168,60.6,1010,6.32,0
0,0.374,0.168,2.35,0.0181,0.276,0.135,2.1,0.0159,200,60.4,1130,6.48,0
0,0.253,0.135,2.11,0.0182,0.191,0.113,1.83,0.0161,141,48.1,940,6.43,0
0,0.295,0.149,2.21,0.0183,0.221,0.122,1.93,0.0161,161,53.7,1050,6.51,0
0,0.247,0.136,2.09,0.0182,0.185,0.117,1.8,0.016,133,46.8,950,6.31,0
0,0.293,0.146,2.28,0.0186,0.222,0.121,2.01,0.0162,163,56.2,1080,6.85,0
0,0.233,0.144,2.12,0.0182,0.169,0.118,1.83,0.016,127,70.9,1050,6.36,0
0,0.195,0.132,1.82,0.0182,0.15,0.112,1.53,0.0161,117,48.1,828,6.22,0
0,0.219,0.119,2.08,0.0181,0.163,0.1,1.8,0.016,119,41.4,917,6.27,0
0,0.238,0.115,2.05,0.0182,0.184,0.0962,1.76,0.016,121,40.6,924,6.39,0
0,0.266,0.128,1.76,0.018,0.202,0.101,1.48,0.016,139,48.7,709,6.16,0
0,0.189,0.0751,2.2,0.0171,0.149,0.0622,1.92,0.0152,89.1,25.2,1000,5.75,0
0,0.192,0.107,1.94,0.0179,0.144,0.0892,1.68,0.0158,98.6,37,799,6.14,0
0,0.247,0.176,2.2,0.0184,0.184,0.147,1.93,0.0162,123,56,969,6.18,0
0,0.301,0.174,2.34,0.0181,0.237,0.143,2.09,0.0159,152,64.4,1090,6.16,0
0,0.267,0.163,2.14,0.0182,0.205,0.138,1.85,0.0161,126,54.1,875,6.24,0
0,0.343,0.169,2.1,0.0181,0.275,0.142,1.82,0.0159,167,55.4,938,6.19,0
0,0.304,0.156,2.07,0.0179,0.229,0.134,1.79,0.0158,139,47.2,984,6.07,0
0,0.344,0.194,2.25,0.0179,0.258,0.164,1.98,0.0159,196,71.9,1060,6.12,0
0,0.306,0.194,2.17,0.0179,0.238,0.162,1.9,0.0157,146,60.7,982,6.31,0
0,0.308,0.175,1.91,0.0182,0.237,0.149,1.63,0.0161,141,54.7,775,6.04,0
0,0.316,0.18,2.2,0.018,0.244,0.152,1.93,0.0159,129,54.5,1050,6.1,0
0,0.305,0.171,2.09,0.0181,0.231,0.148,1.81,0.016,131,53.8,930,6.18,0
0,0.322,0.195,2.18,0.0183,0.25,0.165,1.9,0.0161,129,59.9,971,6.29,0
0,0.351,0.165,2.17,0.0181,0.286,0.138,1.88,0.0159,138,50.5,916,6.31,0
0,0.207,0.185,2.08,0.0177,0.158,0.162,1.82,0.0158,102,56.9,731,5.64,0
0,0.516,0.146,2.19,0.0179,0.419,0.114,1.91,0.0158,183,45.1,973,5.91,0
0,0.422,0.158,2.18,0.018,0.317,0.131,1.9,0.0159,150,49.3,970,5.98,0
0,0.448,0.148,2.42,0.0179,0.343,0.121,2.18,0.0158,201,56.2,1160,5.99,0
0,0.492,0.153,2.46,0.018,0.392,0.124,2.22,0.0159,220,59.6,1200,6.1,0
0,0.61,0.129,2.33,0.0182,0.4,0.109,2.07,0.0161,174,44.2,996,5.98,0
0,0.514,0.124,2.3,0.0179,0.399,0.105,2.04,0.0158,195,42.4,1170,6.01,0
0,0.419,0.12,2.34,0.0178,0.349,0.0983,2.06,0.0157,165,40,1070,5.78,0
0,0.387,0.103,2.37,0.0184,0.325,0.0852,2.11,0.0161,141,33.9,1140,6.57,0
0,0.358,0.152,2.36,0.0184,0.295,0.12,2.1,0.016,161,117,1220,6.58,0
0,0.347,0.1,2.23,0.0182,0.283,0.0789,1.96,0.016,142,32.7,945,6.31,0
0,0.332,0.0977,2.25,0.0183,0.254,0.0787,1.98,0.0161,131,31.7,1030,6.47,0
0,0.332,0.0913,2.13,0.018,0.269,0.0694,1.85,0.0158,128,30.8,945,6.19,0
0,0.364,0.0824,2.15,0.0179,0.285,0.0622,1.88,0.0157,139,27.7,936,6.14,0
0,0.362,0.1,2.32,0.0181,0.29,0.0797,2.05,0.0159,156,36.4,1140,6.36,0
0,0.391,0.0862,1.97,0.018,0.308,0.0662,1.7,0.016,146,28.8,782,5.91,0
0,0.311,0.0922,2.18,0.0182,0.243,0.0678,1.91,0.016,131,34,974,6.18,0
0,0.354,0.0869,2.08,0.0179,0.287,0.0658,1.8,0.0159,139,31.3,870,6.07,0
0,0.368,0.074,2.18,0.0182,0.298,0.0579,1.9,0.016,133,24.6,936,6.17,0
0,0.401,0.0833,2,0.0181,0.34,0.063,1.73,0.016,149,29.9,880,6.13,0
0,0.373,0.107,2.01,0.0182,0.302,0.0792,1.71,0.016,144,39.1,839,6.08,0
0,0.394,0.0821,2.19,0.018,0.336,0.0604,1.9,0.016,140,30.7,904,6.09,0
0,0.317,0.112,2.21,0.0179,0.248,0.0917,1.95,0.0158,122,35,958,6.03,0
0,0.31,0.111,2.19,0.0182,0.245,0.0929,1.94,0.0161,123,36.4,960,6.13,0
0,0.357,0.0847,2.21,0.0183,0.283,0.0676,1.93,0.0161,118,26.4,915,6.17,0
0,0.319,0.135,2.05,0.0181,0.241,0.115,1.78,0.0161,116,40.4,867,6.22,0
0,0.376,0.134,2.1,0.018,0.283,0.112,1.83,0.0159,146,42.9,915,5.91,0
0,0.361,0.128,2.14,0.0179,0.285,0.106,1.86,0.0159,149,41.5,918,5.78,0
0,0.384,0.11,2.17,0.0179,0.3,0.0904,1.91,0.0159,141,33.8,904,5.97,0
0,0.348,0.128,2.04,0.0178,0.266,0.104,1.78,0.0159,131,39.9,836,5.7,0
0,0.329,0.103,2.08,0.0182,0.259,0.0859,1.81,0.016,121,36,844,6.24,0
0,0.35,0.118,2.16,0.0183,0.272,0.1,1.88,0.0161,137,39,939,6.29,0
0,0.384,0.111,2.32,0.0182,0.292,0.0867,2.05,0.0161,157,35.1,1160,6.46,0
0,0.426,0.0668,2.01,0.0182,0.344,0.0498,1.72,0.0161,139,22.4,875,6.25,0
0,0.361,0.0912,1.95,0.0181,0.279,0.073,1.7,0.016,120,29.5,734,6.1,0
0,0.272,0.136,2.06,0.0327,0.225,0.12,1.77,0.0208,108,40.2,819,14.2,0
0,0.216,0.12,1.82,0.0178,0.176,0.104,1.56,0.0157,89.1,34.6,708,5.88,0
0,0.314,0.103,1.92,0.0175,0.262,0.0892,1.64,0.0156,110,29.9,771,5.85,0
0,0.307,0.103,2.24,0.0176,0.257,0.0894,1.95,0.0156,117,32.5,1110,6.1,0
0,0.362,0.131,2.22,0.0175,0.295,0.107,1.94,0.0154,146,48.8,1060,6.25,0
0,0.39,0.113,2.2,0.0175,0.336,0.0981,1.91,0.0155,138,36.8,1030,5.77,0
0,0.364,0.121,2.07,0.0174,0.3,0.101,1.77,0.0155,136,40.2,920,5.9,0
0,0.366,0.105,1.95,0.0172,0.308,0.0908,1.67,0.0154,131,36.4,856,5.85,0
0,0.345,0.111,2.08,0.0175,0.288,0.0969,1.78,0.0156,127,34.8,906,5.89,0
0,0.389,0.124,2.44,0.0177,0.314,0.101,2.2,0.0155,175,43.2,1220,6.33,0
0,0.344,0.114,2.27,0.0175,0.279,0.0986,2,0.0155,123,37.7,976,6.02,0
0,0.313,0.109,2.01,0.0171,0.236,0.0965,1.73,0.0153,121,32.9,908,5.69,0
0,0.33,0.11,2.01,0.0171,0.265,0.0953,1.74,0.0153,135,35.8,883,5.61,0
0,0.354,0.123,2.1,0.0171,0.29,0.103,1.8,0.0153,135,41.1,929,5.66,0
0,0.333,0.123,2.1,0.0173,0.255,0.103,1.81,0.0154,145,42.8,965,5.88,0
0,0.303,0.113,2.07,0.0173,0.242,0.096,1.79,0.0153,134,39.5,917,5.96,0
0,0.405,0.11,1.99,0.0171,0.345,0.0947,1.72,0.0152,136,36,806,5.58,0
0,0.337,0.117,2.13,0.0178,0.276,0.101,1.85,0.0157,128,37.9,906,6.02,0
0,0.227,0.112,1.8,0.0175,0.182,0.0962,1.53,0.0156,113,37.5,725,5.88,0
0,0.312,0.114,2.17,0.017,0.25,0.0975,1.88,0.0152,117,37.8,945,5.62,0
0,0.324,0.114,1.93,0.0175,0.26,0.099,1.65,0.0156,118,38.4,800,5.85,0
1,0.0781,0.137,1.5,0.0173,0.0455,0.118,1.31,0.0156,28.8,54.9,554,5.48,0
1,0.0724,0.145,1.47,0.0171,0.0626,0.128,1.32,0.0154,20.8,43.6,424,5.39,0
1,0.0889,0.173,1.81,0.0192,0.0785,0.147,1.57,0.0166,25.5,63.8,597,5.91,0
1,0.0892,0.177,1.63,0.0177,0.0784,0.149,1.44,0.0157,25.3,68.8,492,5.47,0
1,0.0888,0.214,1.63,0.017,0.0782,0.171,1.43,0.0153,25.4,99.4,494,5.29,0
1,0.0877,0.196,1.72,0.0171,0.0771,0.154,1.5,0.0154,24.5,81.9,543,5.4,0
1,0.0804,0.178,1.63,0.0171,0.07,0.147,1.45,0.0154,22.8,67.9,496,5.32,0
1,0.0906,0.204,1.72,0.017,0.0794,0.165,1.52,0.0153,25.2,85.7,519,5.3,0
1,0.101,0.225,1.63,0.017,0.0879,0.173,1.43,0.0153,28,78.8,522,5.33,0
1,0.0838,0.172,1.79,0.0171,0.0738,0.148,1.56,0.0154,23.3,54.9,548,5.32,0
1,0.0974,0.18,1.67,0.0174,0.0856,0.153,1.47,0.0156,27.3,61,499,5.32,0
1,0.0935,0.174,1.58,0.0171,0.0803,0.148,1.4,0.0155,25.2,64.3,467,5.29,0
1,0.102,0.18,1.75,0.0188,0.0849,0.153,1.56,0.0166,27.2,67.2,510,5.89,0
1,0.101,0.158,1.7,0.017,0.0872,0.14,1.49,0.0154,27.7,48.4,510,5.24,0
1,0.096,0.179,1.63,0.0172,0.0837,0.151,1.45,0.0155,26.3,62.5,486,5.26,0
1,0.0901,0.198,1.74,0.0182,0.0788,0.16,1.52,0.0161,25.1,84,543,5.5,0
1,0.112,0.408,2.17,0.0199,0.0874,0.296,1.87,0.017,31.1,198,920,6.68,0
1,0.0787,0.462,2.32,0.0177,0.0668,0.348,2.06,0.0157,24.1,244,1100,6.24,0
1,0.101,0.364,2.11,0.0182,0.0828,0.274,1.84,0.0162,27.6,185,846,5.81,0
1,0.0412,0.291,1.82,0.0174,0.0216,0.235,1.57,0.0156,9.59,125,572,5.55,0
1,0.0215,0.257,1.77,0.0174,0.0142,0.213,1.56,0.0156,6.73,97.7,535,5.6,0
1,0.0323,0.23,1.82,0.0172,0.0188,0.196,1.6,0.0155,7.45,87.4,549,5.39,0
1,0.0581,0.343,1.97,0.0175,0.0342,0.272,1.7,0.0156,14,179,739,5.45,0
1,0.0353,0.242,1.74,0.0171,0.0202,0.204,1.54,0.0154,8.49,98.8,515,5.33,0
1,0.0352,0.253,1.83,0.0173,0.025,0.209,1.61,0.0156,9.99,104,539,5.44,0
1,0.0332,0.224,1.89,0.017,0.021,0.187,1.67,0.0153,7.33,81.6,558,5.36,0
1,0.053,0.462,2.44,0.0178,0.0332,0.346,2.2,0.0157,15.1,244,1170,6.41,0
1,0.0421,0.359,1.94,0.0171,0.0259,0.269,1.7,0.0154,10.2,163,672,5.32,0
1,0.0458,0.357,2.02,0.0173,0.029,0.269,1.75,0.0155,11.8,166,719,5.49,0
1,0.0395,0.379,2.09,0.0171,0.0265,0.285,1.82,0.0154,11.7,177,833,5.4,0
1,0.0393,0.321,2.02,0.0171,0.0275,0.249,1.73,0.0154,12,157,805,5.51,0
1,0.0426,0.395,2.05,0.0173,0.0282,0.285,1.78,0.0156,13.1,168,779,5.47,0
1,0.0431,0.261,1.92,0.0179,0.0316,0.215,1.66,0.0159,12,121,670,5.59,0
1,0.044,0.326,1.95,0.0178,0.0309,0.254,1.68,0.0159,12.7,155,676,5.56,0
1,0.0459,0.272,1.91,0.0173,0.0315,0.219,1.66,0.0156,11.3,129,631,5.32,0
1,0.0488,0.28,1.79,0.0172,0.0353,0.211,1.55,0.0155,14.1,115,548,5.32,0
1,0.0393,0.3,2.02,0.0169,0.0267,0.232,1.76,0.0153,10.1,138,681,5.33,0
1,0.0422,0.279,1.82,0.0171,0.032,0.22,1.57,0.0154,11.5,117,606,5.45,0
1,0.0489,0.282,1.89,0.0171,0.0344,0.219,1.63,0.0154,11.8,119,623,5.35,0
1,0.0363,0.254,1.95,0.0169,0.0275,0.202,1.72,0.0152,9.75,99.9,622,5.44,0
1,0.0438,0.291,1.88,0.0171,0.0324,0.229,1.62,0.0154,11.8,119,637,5.41,0
1,0.043,0.241,2,0.0169,0.0327,0.199,1.73,0.0153,12.5,109,707,5.18,0
1,0.0531,0.259,1.97,0.0168,0.035,0.214,1.72,0.0152,12.8,108,658,5.19,0
1,0.0501,0.264,1.87,0.0172,0.0372,0.213,1.62,0.0155,12.5,114,681,5.56,0
1,0.0418,0.244,1.91,0.017,0.0315,0.201,1.67,0.0154,10.8,101,586,5.32,0
1,0.0554,0.227,1.9,0.017,0.0399,0.192,1.65,0.0153,12.7,91.2,604,5.39,0
1,0.0486,0.333,1.97,0.0171,0.0362,0.255,1.7,0.0154,14,160,721,5.44,0
1,0.0511,0.292,2.03,0.0171,0.0373,0.232,1.78,0.0153,13.7,145,744,5.49,0
1,0.0481,0.283,1.95,0.0171,0.0339,0.227,1.68,0.0153,12.7,135,671,5.6,0
1,0.0439,0.261,1.92,0.0169,0.0296,0.216,1.67,0.0153,10.5,118,631,5.2,0
1,0.0494,0.315,2.01,0.0171,0.0358,0.231,1.75,0.0154,12.2,124,706,5.56,0
1,0.047,0.383,2.09,0.0171,0.0307,0.271,1.82,0.0154,11.3,169,717,5.53,0
1,0.0565,0.257,2.12,0.0171,0.0338,0.203,1.87,0.0155,11.8,113,727,5.42,0
1,0.0498,0.238,1.89,0.0172,0.0351,0.195,1.65,0.0155,11.4,99.9,620,5.49,0
1,0.0632,0.2,1.94,0.017,0.0414,0.172,1.69,0.0153,12.7,73,650,5.41,0
1,0.0609,0.436,2.21,0.0174,0.0427,0.314,1.95,0.0156,16.9,213,840,5.89,0
1,0.0461,0.266,1.86,0.017,0.0331,0.199,1.62,0.0153,12.7,116,611,5.44,0
1,0.0608,0.372,2.07,0.0172,0.0439,0.262,1.81,0.0154,16.1,159,757,5.71,0
1,0.0541,0.223,1.82,0.0169,0.0416,0.182,1.59,0.0153,15.7,92.8,569,5.41,0
1,0.0591,0.261,1.96,0.0171,0.0365,0.208,1.7,0.0154,11.6,113,674,5.46,0
1,0.0673,0.216,2.03,0.0171,0.0376,0.179,1.79,0.0155,11.4,86.7,667,5.46,0
1,0.062,0.252,2.17,0.0172,0.0373,0.202,1.91,0.0155,12.5,108,815,5.51,0
1,0.0556,0.246,1.97,0.0172,0.0378,0.191,1.72,0.0155,12.3,101,656,5.54,0
1,0.0825,0.244,1.95,0.017,0.0381,0.2,1.69,0.0153,11.4,95.3,679,5.57,0
1,0.0445,0.241,1.87,0.0169,0.0275,0.199,1.63,0.0152,9.63,96.1,584,5.55,0
1,0.0489,0.26,1.91,0.0171,0.0317,0.215,1.65,0.0154,11.8,116,629,5.54,0
1,0.0619,0.302,2.06,0.0169,0.0428,0.24,1.78,0.0152,14.7,130,720,5.44,0
1,0.0729,0.281,1.94,0.0167,0.0503,0.224,1.71,0.0152,16.9,111,606,5.29,0
1,0.065,0.366,1.88,0.0169,0.0411,0.276,1.63,0.0153,15.1,163,604,5.41,0
1,0.0451,0.296,1.91,0.0171,0.0297,0.228,1.67,0.0154,10.7,123,619,5.56,0
1,0.0428,0.278,1.83,0.017,0.0269,0.223,1.59,0.0153,10.9,126,590,5.48,0
1,0.0493,0.274,1.93,0.0171,0.0286,0.218,1.7,0.0154,11.9,126,601,5.55,0
1,0.0484,0.268,2.01,0.0169,0.0297,0.218,1.77,0.0152,11.5,123,649,5.46,0
1,0.0719,0.242,2.04,0.0167,0.0415,0.197,1.81,0.0151,13.4,98.6,609,5.21,0
1,0.05,0.231,1.88,0.0168,0.0361,0.195,1.66,0.0152,13.8,90.6,559,5.2,0
1,0.0803,0.249,1.91,0.0171,0.0416,0.208,1.67,0.0154,11.6,101,589,5.5,0
1,0.0827,0.218,2.04,0.0171,0.0453,0.185,1.81,0.0154,12.8,77.3,614,5.42,0
1,0.063,0.278,1.93,0.0172,0.0407,0.22,1.69,0.0154,13.5,106,601,5.61,0
1,0.0617,0.23,1.94,0.0169,0.0415,0.197,1.71,0.0152,12.9,82.3,601,5.3,0
1,0.0562,0.284,2.14,0.0171,0.032,0.229,1.9,0.0154,11,117,695,5.6,0
1,0.0645,0.226,1.89,0.017,0.039,0.193,1.65,0.0153,12.3,89.6,597,5.55,0
1,0.0555,0.23,1.93,0.017,0.0355,0.196,1.7,0.0153,10.2,80.2,619,5.48,0
1,0.0594,0.224,1.98,0.0171,0.0307,0.192,1.74,0.0154,9.12,73.5,597,5.56,0
1,0.111,0.22,2.09,0.0171,0.0449,0.188,1.83,0.0153,11.3,74.8,720,5.58,0
1,0.114,0.237,1.91,0.0171,0.0656,0.201,1.68,0.0154,19.8,84.5,619,5.6,0
1,0.0835,0.261,2.08,0.0173,0.043,0.21,1.79,0.0155,14.6,129,800,5.75,0
1,0.0978,0.402,2.11,0.0174,0.0509,0.289,1.84,0.0155,15.3,167,822,5.91,0
1,0.138,0.419,2.39,0.0174,0.0585,0.307,2.13,0.0155,17.9,206,1040,6.14,0
1,0.1,0.349,2.1,0.0174,0.0526,0.258,1.82,0.0155,15.2,159,840,5.91,0
1,0.122,0.266,2.06,0.0171,0.0542,0.215,1.81,0.0154,14.2,113,681,5.6,0
1,0.0637,0.323,2.03,0.0171,0.0315,0.239,1.76,0.0154,12.1,143,709,5.72,0
1,0.106,0.251,1.9,0.0171,0.0421,0.205,1.66,0.0154,10.7,93.7,582,5.58,0
1,0.0437,0.284,2.05,0.0171,0.0256,0.221,1.77,0.0154,9.48,125,758,5.65,0
1,0.0967,0.228,1.85,0.017,0.043,0.193,1.64,0.0153,10.3,85.8,574,5.61,0
1,0.0595,0.285,1.92,0.017,0.0319,0.228,1.68,0.0152,10,110,635,5.7,0
1,0.0507,0.22,1.94,0.0169,0.0278,0.191,1.71,0.0152,7.95,72.5,609,5.56,0
1,0.0778,0.359,2.34,0.0171,0.0412,0.271,2.09,0.0152,13.9,171,959,5.69,0
1,0.126,0.341,2.09,0.0172,0.0564,0.252,1.83,0.0153,16,136,850,5.83,0
1,0.0992,0.282,2,0.0172,0.0471,0.219,1.76,0.0154,12.3,115,690,5.71,0
1,0.0906,0.228,2,0.0172,0.0418,0.186,1.76,0.0155,11.5,84.7,627,5.55,0
2,0.0639,0.463,1.53,0.0174,0.057,0.351,1.37,0.0152,19.5,203,463,6.4,0
2,0.067,0.331,1.47,0.0194,0.0597,0.268,1.32,0.0167,19.9,160,443,6.55,0
2,0.0669,0.392,1.55,0.301,0.0597,0.296,1.4,0.14,19.9,188,454,62,0
2,0.0668,0.333,1.58,0.0206,0.0597,0.261,1.42,0.018,19.7,164,473,6.42,0
2,0.0623,0.223,1.45,0.0266,0.0558,0.19,1.31,0.0211,17.8,76,418,9.63,0
2,0.0644,0.351,1.49,2,0.0576,0.283,1.33,1.74,19.1,165,436,569,0
2,0.0659,0.338,1.54,1.52,0.0576,0.267,1.38,1.22,23.3,140,468,454,0
2,0.0611,0.423,1.54,1.4,0.0543,0.311,1.38,1.09,18.2,171,477,446,0
2,0.0594,0.342,1.54,1.16,0.0525,0.283,1.38,0.923,17.6,144,451,405,0
2,0.0597,0.341,1.55,0.0226,0.0533,0.265,1.39,0.0192,17.7,141,479,6.98,0
2,0.0604,0.291,1.46,0.0183,0.0532,0.237,1.31,0.0154,17.7,122,439,5.62,0
2,0.057,0.37,1.51,0.0192,0.0511,0.247,1.37,0.016,17.1,158,438,6.3,0
2,0.0394,0.209,2.36,2.92,0.0348,0.161,2.14,2.79,12.3,104,648,681,0
2,0.0387,0.159,2.23,2.93,0.0345,0.131,2.02,2.81,11.2,65.4,630,683,0
2,0.0173,0.208,1.79,2.86,0.013,0.15,1.61,2.72,7.44,111,514,674,0
2,0.0333,0.187,1.78,2.87,0.0241,0.142,1.61,2.73,10.2,94.9,525,677,0
2,0.0546,0.19,2.23,2.25,0.0427,0.149,2.03,2.03,17.3,82.4,613,620,0
2,0.0301,0.194,1.95,1.49,0.0266,0.144,1.76,1.27,10.3,101,565,431,0
2,0.0257,0.224,1.93,1.29,0.0215,0.161,1.74,1.07,9.53,121,556,380,0
2,0.0206,0.154,1.91,0.914,0.0177,0.111,1.73,0.794,7.71,83.8,550,289,0
2,0.0231,0.359,1.86,1.34,0.018,0.193,1.68,1.13,8.65,140,546,400,0
2,0.0227,0.217,1.86,2.12,0.0191,0.139,1.67,1.88,8.57,102,542,606,0
2,0.0263,0.266,1.83,2.32,0.0225,0.177,1.64,2.07,9.61,126,531,627,0
2,0.0276,0.359,1.74,2.64,0.023,0.228,1.56,2.43,10.2,162,514,659,0
2,0.0387,0.325,1.82,2.49,0.0335,0.183,1.64,2.26,13.1,137,532,657,0
2,0.0437,0.381,1.84,2.62,0.0373,0.219,1.65,2.41,13.5,161,555,671,0
2,0.0642,0.261,2.12,2.58,0.0553,0.173,1.89,2.36,19.7,134,599,662,0
2,0.0877,0.314,2,2.71,0.078,0.187,1.79,2.52,26.1,132,578,673,0
2,0.107,0.234,1.89,2.69,0.0895,0.153,1.69,2.5,31,108,544,667,0
2,0.139,0.322,1.87,2.61,0.124,0.192,1.68,2.39,39.7,147,541,668,0
2,0.14,0.222,1.85,2.69,0.124,0.141,1.66,2.49,40.2,101,534,670,0
2,0.137,0.214,1.83,2.66,0.12,0.133,1.63,2.46,39.2,100,530,665,0
2,0.135,0.279,2.02,2.71,0.121,0.152,1.82,2.52,39.4,108,584,675,0
2,0.124,0.197,1.9,2.81,0.112,0.136,1.71,2.64,35.7,99.1,549,675,0
2,0.129,0.176,1.93,2.81,0.115,0.113,1.73,2.64,37.1,83.8,574,681,0
2,0.145,0.155,1.86,2.76,0.13,0.106,1.67,2.57,41.4,84.2,540,677,0
2,0.151,0.275,2.02,2.76,0.136,0.182,1.83,2.58,44,128,577,677,0
2,0.143,0.161,1.86,2.77,0.128,0.107,1.68,2.59,41.2,87.3,537,679,0
2,0.148,0.211,2.01,2.78,0.132,0.147,1.81,2.6,42.8,109,577,679,0
2,0.15,0.229,1.96,2.81,0.135,0.15,1.77,2.64,43,113,561,681,0
2,0.146,0.199,1.99,2.86,0.131,0.125,1.79,2.7,42.2,96.5,576,676,0
2,0.166,0.223,2.05,2.8,0.146,0.142,1.84,2.62,47.5,107,589,676,0
2,0.152,0.216,1.97,2.86,0.136,0.134,1.77,2.71,44.1,103,571,682,0
2,0.178,0.142,1.9,2.78,0.153,0.0907,1.7,2.6,49.2,70.6,547,674,0
2,0.168,0.162,2.03,2.79,0.15,0.106,1.82,2.61,48.2,86,586,677,0
2,0.155,0.166,1.85,2.74,0.137,0.11,1.65,2.55,44.1,84.9,540,671,0
2,0.162,0.303,1.96,2.79,0.144,0.186,1.77,2.61,47.5,133,565,676,0
2,0.162,0.193,2.15,2.86,0.146,0.133,1.94,2.71,46.4,103,615,682,0
2,0.15,0.259,2.07,2.86,0.134,0.158,1.85,2.71,43.8,119,596,678,0
2,0.157,0.242,2.06,2.79,0.141,0.169,1.84,2.62,44.9,129,596,680,0
2,0.15,0.308,2.13,2.88,0.135,0.162,1.91,2.73,43,114,606,677,0
2,0.147,0.279,2.08,2.89,0.13,0.17,1.87,2.75,42.5,121,601,676,0
2,0.146,0.283,2.14,2.87,0.13,0.165,1.92,2.72,41.7,114,611,675,0
2,0.146,0.218,2.14,2.86,0.131,0.155,1.92,2.7,42,120,618,676,0
2,0.141,0.198,2.2,2.87,0.126,0.127,1.98,2.73,40.3,95.7,614,682,0
2,0.135,0.141,2.15,2.89,0.119,0.0953,1.93,2.75,38.6,67.6,609,683,0
2,0.134,0.173,2.13,2.9,0.117,0.108,1.91,2.76,37.5,79.9,602,681,0
2,0.146,0.275,2.04,2.91,0.131,0.17,1.84,2.77,42.3,128,592,683,0
2,0.146,0.28,2.18,2.91,0.131,0.178,1.96,2.77,42.2,138,628,682,0
2,0.153,0.103,2.07,2.93,0.138,0.0706,1.86,2.81,44.1,53.7,590,683,0
2,0.146,0.208,2.13,2.93,0.13,0.115,1.91,2.81,42.6,85,610,683,0
2,0.151,0.19,2.2,2.8,0.134,0.128,1.98,2.63,43.9,94.4,620,674,0
2,0.144,0.181,2.16,2.84,0.129,0.122,1.94,2.68,41.7,95.9,617,677,0
2,0.15,0.207,2.13,2.92,0.135,0.148,1.91,2.8,43.6,119,608,683,0
2,0.155,0.219,2.22,2.83,0.139,0.15,2,2.67,44.6,115,621,675,0
2,0.15,0.314,2.19,2.87,0.135,0.174,1.97,2.72,43,130,619,682,0
2,0.156,0.231,2.27,2.8,0.14,0.158,2.04,2.63,44.9,117,630,674,0
2,0.171,0.29,2.18,2.83,0.154,0.174,1.96,2.67,48.5,127,604,681,0
2,0.171,0.129,2.29,2.85,0.154,0.0977,2.06,2.69,48.2,65.7,626,680,0
2,0.175,0.307,2.26,2.85,0.157,0.209,2.04,2.7,49.9,158,623,680,0
2,0.169,0.31,2.09,2.79,0.152,0.172,1.88,2.61,48,119,589,679,0
2,0.172,0.184,2.24,2.79,0.155,0.135,2.01,2.62,49,97.4,624,680,0
2,0.143,0.175,2.17,2.9,0.126,0.0914,1.95,2.77,41.6,67.2,607,682,0
2,0.156,0.17,2.15,2.84,0.138,0.107,1.93,2.69,45,75.2,603,681,0
2,0.144,0.245,2.1,2.65,0.124,0.165,1.88,2.45,39.6,114,600,666,0
2,0.156,0.323,2.11,2.79,0.14,0.19,1.9,2.61,44.3,147,598,677,0
2,0.149,0.14,2.14,2.85,0.131,0.0863,1.92,2.7,42.7,64.8,604,675,0
2,0.15,0.344,2.1,2.86,0.134,0.168,1.89,2.71,43.4,118,597,682,0
2,0.133,0.133,2.09,2.95,0.118,0.0714,1.88,2.84,38,51.5,593,678,0
2,0.144,0.105,2.18,2.89,0.129,0.0743,1.96,2.75,40.7,51,604,680,0
2,0.152,0.104,2.12,2.88,0.133,0.0591,1.89,2.74,43.6,40.1,605,676,0
2,0.15,0.35,2.13,2.85,0.133,0.192,1.92,2.7,43.2,139,602,681,0
2,0.148,0.193,2.1,2.8,0.133,0.135,1.89,2.63,42,100,599,676,0
2,0.152,0.149,2.01,2.8,0.136,0.105,1.81,2.63,43,81.2,568,680,0
2,0.155,0.226,2.02,2.82,0.138,0.148,1.82,2.66,44.6,107,572,676,0
2,0.15,0.123,2.01,2.89,0.136,0.0839,1.81,2.76,42.4,59.7,572,680,0
2,0.141,0.21,1.99,2.92,0.125,0.134,1.79,2.79,40.2,99.4,572,679,0
2,0.143,0.241,2.01,2.94,0.128,0.128,1.81,2.82,40.6,98.8,576,680,0
2,0.141,0.193,2.04,2.99,0.126,0.135,1.82,2.89,39.9,103,602,687,0
2,0.148,0.121,2,2.84,0.132,0.0792,1.8,2.68,43,59,576,676,0
2,0.16,0.159,2.03,2.89,0.144,0.0986,1.83,2.76,45.3,67.6,576,674,0
2,0.143,0.126,1.96,2.94,0.126,0.0799,1.76,2.82,41.5,60.3,568,685,0
2,0.149,0.115,2.1,2.97,0.134,0.079,1.89,2.85,42,60.1,589,685,0
2,0.152,0.158,2.13,2.93,0.137,0.117,1.91,2.81,43.1,87.7,597,677,0
2,0.149,0.191,2.19,2.88,0.135,0.121,1.97,2.74,42.5,86.8,615,676,0
2,0.139,0.184,2.18,2.91,0.124,0.127,1.96,2.78,46.5,93.9,622,684,0
2,0.128,0.183,2.16,2.91,0.115,0.114,1.94,2.78,37,82.3,609,682,0
2,0.136,0.17,2.09,2.85,0.12,0.116,1.87,2.7,39.3,84.1,594,678,0
2,0.127,0.134,1.85,2.83,0.113,0.0928,1.67,2.67,35.8,68,528,681,0
2,0.126,0.173,1.79,2.87,0.112,0.116,1.61,2.72,35.9,87.5,518,678,0
3,0.0959,0.0461,1.32,1.97,0.0855,0.037,1.2,1.78,27.7,17.4,372,552,0
3,0.127,0.112,1.2,1.76,0.0951,0.0774,1.08,1.57,34.2,50.5,347,503,0
3,0.145,0.0792,1.36,1.8,0.128,0.0623,1.22,1.61,41.8,32,393,510,0
3,0.168,0.0887,1.3,1.82,0.139,0.0691,1.17,1.63,46.1,37.4,386,517,0
3,0.14,0.0927,1.27,1.74,0.126,0.0708,1.15,1.56,40.1,36,371,491,0
3,0.139,0.0811,1.31,1.69,0.125,0.0638,1.18,1.52,39.9,34.6,379,479,0
3,0.125,0.224,1.38,1.88,0.11,0.135,1.24,1.68,36.4,86.7,401,534,0
3,0.141,0.375,1.42,1.78,0.118,0.222,1.27,1.59,41.3,151,413,507,0
3,0.121,0.288,1.42,1.94,0.105,0.165,1.28,1.73,35.7,109,413,548,0
3,0.122,0.079,1.43,1.83,0.108,0.0584,1.29,1.65,35.7,32.6,413,515,0
3,0.134,0.281,1.39,1.97,0.115,0.165,1.25,1.77,40.5,111,403,560,0
3,0.109,0.101,1.31,2.15,0.0934,0.0682,1.18,1.93,31.6,39.6,379,607,0
3,0.158,0.156,1.3,2.15,0.126,0.093,1.17,1.93,47.5,55.2,374,606,0
3,0.104,0.0704,1.11,2.11,0.0918,0.0482,0.999,1.9,30.2,23.7,322,595,0
3,0.129,0.299,1.14,2,0.105,0.178,1.02,1.8,37.5,118,330,572,0
3,0.119,0.0996,1.12,1.99,0.101,0.0638,1.01,1.78,35.5,35.9,324,562,0
3,0.157,0.221,1.2,1.98,0.131,0.145,1.08,1.77,46.9,93,351,558,0
3,0.143,0.131,1.2,1.94,0.122,0.0822,1.08,1.74,41.1,49.3,350,549,0
3,0.141,0.0784,1.21,1.8,0.122,0.0596,1.09,1.61,40.5,30.6,352,508,0
3,0.13,0.0742,1.14,2.02,0.114,0.06,1.03,1.81,38.3,29,334,575,0
3,0.154,0.138,1.2,1.65,0.132,0.0966,1.08,1.47,47,62.9,354,480,0
3,0.0224,0.0726,1.18,1.55,0.0184,0.0587,1.06,1.38,7.36,26.5,345,442,0
3,0.156,0.11,1.08,1.27,0.11,0.0725,0.971,1.09,47.5,45,317,354,0
3,0.302,0.363,1.02,2.48,0.18,0.199,0.898,2.26,76.5,134,337,677,0
3,0.093,0.1,0.955,1.81,0.0701,0.0685,0.854,1.62,27.6,51.6,281,507,0
3,0.129,0.108,0.914,2.31,0.0837,0.0685,0.818,2.06,35.4,46,271,617,0
3,0.112,0.0918,0.915,1.64,0.0759,0.0482,0.822,1.47,29,28.3,269,469,0
3,0.114,0.0903,0.909,1.56,0.078,0.0493,0.815,1.39,28.7,29.3,267,448,0
3,0.111,0.0801,1.05,1.95,0.0927,0.0551,0.947,1.73,31.9,29.3,306,571,0
3,0.111,0.177,1.12,1.97,0.0968,0.113,1.01,1.72,31.1,76.8,319,594,0
3,0.163,0.0885,1.14,2.45,0.128,0.055,1.04,2.21,44.5,29.1,326,660,0
3,0.159,0.103,1.15,2.53,0.124,0.0625,1.04,2.3,42.5,39.2,326,663,0
3,0.137,0.0805,1.26,2.39,0.11,0.0475,1.14,2.15,36.5,25.4,353,657,0
3,0.105,0.0797,1.17,2.71,0.0864,0.0444,1.06,2.52,30.5,28.6,334,670,0
3,0.0998,0.0895,1.17,2.72,0.0841,0.0513,1.05,2.53,30.5,35.8,330,675,0
3,0.117,0.133,1.15,2.75,0.0925,0.0692,1.03,2.57,33.5,50.4,327,673,0
3,0.095,0.0862,1.18,2.65,0.0799,0.0436,1.07,2.44,28.8,28.5,333,668,0
3,0.0869,0.0527,1.11,2.62,0.0743,0.033,1,2.41,25.1,19.9,313,668,0
3,0.18,0.0706,1.28,2.81,0.152,0.0437,1.16,2.64,50.9,24.3,360,675,0
3,0.161,0.0796,1.2,2.63,0.139,0.053,1.07,2.42,46.3,27.4,364,664,0
3,0.17,0.0704,1.22,2.56,0.139,0.0458,1.1,2.34,48.2,20.8,348,661,0
3,0.201,0.107,1.28,2.49,0.161,0.0668,1.15,2.26,56.9,32,368,656,0
3,0.182,0.0583,1.27,2.68,0.145,0.0446,1.14,2.48,52.1,19.3,360,669,0
3,0.108,0.107,1.13,2.35,0.0877,0.0672,1.02,2.1,31.9,33.8,329,652,0
3,0.105,0.0582,1.1,2.38,0.09,0.0469,0.998,2.13,31,20.4,313,658,0
3,0.124,0.0483,1.11,2.31,0.102,0.0409,0.998,2.06,34.4,16.6,317,653,0
3,0.168,0.139,1.12,2.08,0.119,0.0823,1.01,1.82,45.4,48.6,325,617,0
3,0.114,0.0653,0.991,1.45,0.0947,0.046,0.89,1.24,35.5,21.6,288,397,0
3,0.141,0.0866,1.03,1.83,0.11,0.0545,0.925,1.58,41.9,29.2,300,508,0
3,0.209,0.168,1.02,1.87,0.136,0.0982,0.915,1.63,50.1,56.6,298,538,0
3,0.0999,0.0597,1.02,2.26,0.0845,0.0425,0.911,2.03,29.5,21.3,296,637,0
3,0.126,0.174,0.916,1.68,0.0936,0.0886,0.824,1.48,36.5,46.1,266,478,0
3,0.0859,0.0416,0.949,2.29,0.0734,0.0325,0.847,2.05,25.6,13.5,295,635,0
3,0.0896,0.0509,0.896,0.974,0.0761,0.0421,0.805,0.872,25.7,17.1,261,278,0
3,0.146,0.227,0.953,1.73,0.099,0.144,0.858,1.48,40,99.4,275,480,0
3,0.122,0.145,0.942,1.36,0.0908,0.0769,0.846,1.12,37.6,45.1,273,363,0
3,0.142,0.184,0.961,1.12,0.11,0.108,0.863,0.988,42.8,72.2,285,335,0
3,0.113,0.0733,0.962,1.14,0.0908,0.05,0.862,1,31.7,27.8,281,331,0
3,0.144,0.0664,0.926,1.27,0.111,0.0502,0.833,1.13,42.7,23.5,269,367,0
3,0.0687,0.0479,0.937,0.895,0.0593,0.0381,0.842,0.778,20.1,17.7,273,263,0
3,0.0925,0.0521,0.944,1.34,0.0737,0.0401,0.849,1.19,28.8,23.1,273,390,0
3,0.0895,0.121,0.971,1.38,0.0666,0.0801,0.868,1.16,24.4,57.6,285,389,0
3,0.106,0.0755,0.954,2.25,0.0822,0.0515,0.856,2.02,30.2,31.2,280,623,0
3,0.098,0.279,0.926,2.49,0.0744,0.148,0.831,2.26,28.6,105,273,653,0
3,0.103,0.0844,0.949,2.52,0.0789,0.0549,0.853,2.29,31.1,37.4,277,653,0
3,0.138,0.144,0.971,2,0.102,0.0851,0.869,1.75,39.1,50.9,284,535,0
3,0.126,0.0762,0.944,1.52,0.0929,0.0543,0.834,1.32,36.7,25.1,287,418,0
3,0.224,0.269,0.907,1.33,0.14,0.114,0.764,1.18,52.7,62.5,303,380,0
3,0.162,0.0819,0.844,1.49,0.114,0.0525,0.748,1.3,44.8,24.2,263,454,0
3,0.122,0.0457,0.881,2.09,0.107,0.0392,0.787,1.87,35.3,14.2,258,585,0
3,0.118,0.0481,0.879,2.02,0.0992,0.0407,0.784,1.81,34.6,17.2,258,575,0
3,0.0893,0.0499,0.813,1.29,0.0728,0.0425,0.718,1.15,27.6,17.7,244,373,0
3,0.118,0.0805,0.845,1.73,0.0877,0.0539,0.753,1.53,35.4,31.8,251,505,0
3,0.0715,0.0549,0.848,2.09,0.0609,0.0432,0.76,1.87,21.6,18.9,246,594,0
3,0.153,0.0556,0.845,2.09,0.0968,0.0419,0.758,1.86,36.7,22,246,581,0
3,0.0713,0.112,0.829,1.96,0.0578,0.068,0.742,1.76,22.9,44.6,242,557,0
3,0.0973,0.0475,0.839,2.06,0.0705,0.0341,0.747,1.83,26.4,14.1,248,591,0
3,0.104,0.0717,0.862,2.12,0.0813,0.0492,0.77,1.9,33.2,22.5,253,596,0
3,0.187,0.265,0.896,2.36,0.127,0.122,0.799,2.13,49.9,75.4,270,619,0
3,0.125,0.068,0.943,1.82,0.0891,0.0479,0.852,1.61,34.2,24.7,271,510,0
3,0.137,0.074,0.97,2.28,0.109,0.0594,0.879,2.05,41.3,23,276,627,0
3,0.138,0.0982,1.06,2.33,0.113,0.0684,0.953,2.11,41.2,31.8,307,638,0
3,0.171,0.0757,0.986,2.12,0.124,0.0573,0.888,1.89,48.1,23.9,287,573,0
3,0.146,0.074,1.04,2.14,0.123,0.054,0.926,1.91,42.2,24.2,317,603,0
3,0.184,0.0692,1.05,2.25,0.146,0.0555,0.951,2.02,52.2,22.3,298,622,0
3,0.153,0.063,1.08,2.03,0.132,0.055,0.974,1.81,44.1,18.8,311,570,0
3,0.14,0.117,0.993,1.72,0.11,0.0807,0.898,1.52,42.1,46.2,284,509,0
3,0.17,0.138,1.05,1.75,0.127,0.0875,0.946,1.55,51.7,47.8,316,504,0
3,0.18,0.167,1.01,1.6,0.137,0.0936,0.911,1.41,52.2,55.4,289,461,0
3,0.15,0.0947,1.02,1.75,0.117,0.0623,0.921,1.54,46.1,28.1,292,498,0
3,0.164,0.192,1.08,1.6,0.126,0.104,0.973,1.38,50.2,55.4,313,452,0
3,0.151,0.073,1.19,1.74,0.125,0.0583,1.03,1.54,42.6,20.9,374,496,0
3,0.148,0.0668,1.03,1.68,0.121,0.057,0.928,1.49,45.4,22.3,290,481,0
3,0.138,0.0728,1.36,1.93,0.115,0.0598,1.12,1.72,41.6,23.8,433,547,0
3,0.112,0.0848,1.01,2.27,0.0813,0.066,0.914,2.05,31.4,32.5,296,628,0
3,0.117,0.0722,1.05,2.25,0.0923,0.0613,0.943,2.02,35,24.6,300,617,0
3,0.171,0.079,1.08,2.23,0.126,0.064,0.976,2.01,48.9,27.9,311,619,0
3,0.125,0.0998,1.11,2.31,0.104,0.0748,0.999,2.09,37.4,37,317,634,0
3,0.108,0.101,1.1,2.35,0.0902,0.0761,0.99,2.13,31.7,42.2,314,644,0
3,0.228,0.196,1.17,2.28,0.145,0.102,1.03,2.04,58.6,55.9,356,625,0
4,0.0923,0.211,2.03,0.0235,0.0664,0.185,1.67,0.0192,38,66.7,906,9.82,0
4,0.0719,0.218,1.87,0.0213,0.0466,0.19,1.51,0.0174,25.1,65.3,813,8.37,0
4,0.0434,0.209,2.07,1.49,0.0307,0.187,1.73,1.28,15.1,61.2,922,560,0
4,0.0405,0.215,2.18,1.5,0.0287,0.192,1.84,1.28,14.9,63.8,1050,516,0
4,0.0239,0.215,1.85,1.41,0.0182,0.191,1.48,1.22,9.32,61.7,849,476,0
4,0.0317,0.211,1.99,1.47,0.0219,0.189,1.63,1.26,11.1,60,890,516,0
4,0.025,0.21,1.95,1.41,0.0187,0.19,1.61,1.24,10.1,58.5,937,441,0
4,0.0398,0.171,2.1,1.24,0.0278,0.153,1.74,1.05,14.2,49.1,960,446,0
4,0.0292,0.166,1.99,1.16,0.0214,0.149,1.62,0.988,11.5,47.3,891,403,0
4,0.034,0.17,1.84,1.18,0.0261,0.152,1.45,1.02,13.5,49.4,848,385,0
4,0.0286,0.169,1.57,1.05,0.021,0.153,1.21,0.926,9.75,48,674,321,0
4,0.0255,0.167,1.2,1.04,0.02,0.151,0.93,0.917,9.77,47.6,515,318,0
4,0.0192,0.167,1.62,1.02,0.0157,0.15,1.3,0.894,7.17,47.3,776,325,0
4,0.0204,0.17,1.7,1.05,0.016,0.153,1.36,0.922,7.64,48.1,761,328,0
4,0.019,0.167,1.44,1.05,0.0158,0.151,1.12,0.913,6.97,47.5,603,324,0
4,0.0172,0.17,1.35,1.02,0.0148,0.153,1.08,0.893,5.62,48,629,320,0
4,0.0193,0.169,1.36,1.01,0.0158,0.152,1.07,0.886,6.55,48.1,619,313,0
4,0.0301,0.167,1.56,1.02,0.0226,0.15,1.22,0.895,10.8,47.3,683,326,0
4,0.032,0.168,1.78,1.07,0.0261,0.151,1.46,0.94,10.5,47.8,850,348,0
4,0.0293,0.17,1.51,1.02,0.0244,0.153,1.18,0.903,10.5,48.4,696,306,0
4,0.0334,0.169,1.63,1.04,0.0272,0.152,1.27,0.917,11.7,48,731,314,0
4,0.0419,0.169,1.35,0.975,0.0344,0.152,1.03,0.861,14.5,48.2,595,297,0
4,0.0354,0.168,1.69,1,0.0297,0.151,1.36,0.875,11.4,48,793,320,0
4,0.0303,0.169,1.59,1.01,0.0262,0.152,1.27,0.879,9.7,47.8,699,326,0
4,0.0343,0.17,1.44,1.03,0.0296,0.153,1.14,0.885,10.7,48.5,663,344,0
4,0.0305,0.168,1.2,0.997,0.0268,0.151,0.871,0.875,9.34,47.8,427,308,0
4,0.036,0.169,1.29,1.04,0.0302,0.152,0.957,0.909,11.9,48.2,500,328,0
4,0.0305,0.168,1.33,0.982,0.0272,0.151,1.04,0.872,9.04,48.1,586,298,0
4,0.0383,0.169,1.33,1.02,0.0314,0.152,1.03,0.908,13,48.3,532,306,0
4,0.049,0.172,1.36,1.02,0.0419,0.156,1.07,0.892,15.7,49,607,317,0
4,0.0582,0.176,1.85,1.05,0.0495,0.158,1.5,0.915,17.8,50.1,792,350,0
4,0.0696,0.174,1.43,0.965,0.0613,0.157,1.11,0.854,21,50,629,293,0
4,0.072,0.172,1.44,1,0.0636,0.155,1.14,0.872,21.1,49.3,601,326,0
4,0.0746,0.173,1.15,1.02,0.0651,0.156,0.893,0.896,22.7,49.6,512,316,0
4,0.0809,0.173,1.35,1.03,0.071,0.155,1.07,0.908,24,49.5,631,308,0
4,0.0105,0.183,1.58,1.13,0.00905,0.165,1.23,0.971,3.09,52.4,657,372,0
4,0.00234,0.182,1.44,1.05,0.00187,0.164,1.11,0.928,0.743,51.9,618,313,0
4,0.00202,0.181,1.45,1.04,0.00161,0.163,1.12,0.916,0.663,51.7,591,313,0
4,0.00228,0.177,1.02,1.03,0.00181,0.16,0.771,0.914,0.687,50.5,342,315,0
4,0.00222,0.18,1.53,1.01,0.00176,0.161,1.23,0.893,0.705,51.6,681,316,0
4,0.00255,0.18,1.2,1,0.002,0.162,0.925,0.893,0.748,51.4,500,297,0
4,0.00226,0.178,1.61,1.01,0.00182,0.161,1.28,0.892,0.733,51,685,315,0
4,0.0021,0.179,1.29,1.03,0.00168,0.161,1.03,0.901,0.68,51.1,567,329,0
4,0.00194,0.177,1.45,1,0.00154,0.16,1.11,0.884,0.659,51,633,319,0
4,0.00251,0.179,1.36,1.01,0.00197,0.161,1.06,0.892,0.755,51.2,604,311,0
4,0.00273,0.178,1.15,1.02,0.0022,0.16,0.9,0.899,0.815,50.8,498,316,0
4,0.00282,0.178,1.75,1.01,0.00228,0.16,1.41,0.889,0.896,51.3,793,317,0
4,0.00273,0.179,1.65,1.02,0.00222,0.162,1.33,0.896,0.854,51.4,772,327,0
4,0.00268,0.178,1.18,1,0.00207,0.16,0.926,0.888,0.833,51,466,304,0
4,0.00318,0.177,1.23,0.992,0.00255,0.16,0.965,0.882,0.95,50.7,534,307,0
4,0.00257,0.185,1.49,0.846,0.00206,0.167,1.18,0.746,0.749,53,645,266,0
4,0.00255,0.185,1.76,0.835,0.00206,0.167,1.45,0.732,0.799,53,844,279,0
4,0.00226,0.188,1.59,0.852,0.00181,0.169,1.28,0.752,0.758,53.8,671,260,0
4,0.00237,0.189,1.53,0.81,0.0019,0.171,1.21,0.715,0.751,54.2,659,256,0
4,0.00241,0.187,1.46,0.82,0.00193,0.168,1.15,0.714,0.747,53.5,644,266,0
4,0.00276,0.187,1.83,0.779,0.00221,0.169,1.5,0.689,0.919,53.7,951,240,0
4,0.00254,0.187,1.47,0.851,0.00204,0.169,1.16,0.758,0.82,53.5,682,269,0
4,0.00263,0.185,1.34,0.813,0.0021,0.166,1.06,0.713,0.805,53,608,255,0
4,0.00248,0.191,1.42,0.801,0.00197,0.172,1.12,0.703,0.774,54.8,633,256,0
4,0.00269,0.17,1.42,0.855,0.00212,0.153,1.13,0.757,0.781,49.3,642,270,0
4,0.00229,0.175,1.37,0.799,0.00182,0.158,1.09,0.701,0.723,50.3,603,258,0
4,0.00235,0.173,1.46,0.777,0.00182,0.156,1.16,0.674,0.747,49.6,689,252,0
4,0.00304,0.174,1.4,0.75,0.00237,0.157,1.11,0.663,0.971,50,633,232,0
4,0.00231,0.172,1.38,0.773,0.00184,0.155,1.1,0.668,0.708,49.5,596,276,0
4,0.00202,0.169,1.28,0.718,0.00163,0.152,1.04,0.63,0.623,48.5,583,231,0
4,0.00229,0.211,1.71,0.984,0.00177,0.19,1.39,0.859,0.777,59.3,759,331,0
4,0.00232,0.207,1.62,0.909,0.00187,0.186,1.29,0.784,0.74,57.7,671,294,0
4,0.00207,0.209,1.37,0.944,0.00167,0.188,1.07,0.828,0.669,58.4,641,295,0
4,0.0638,0.214,1.79,1.09,0.0482,0.189,1.47,0.945,25.9,64.4,763,367,0
4,0.0227,0.156,1.72,0.823,0.0163,0.141,1.38,0.681,6.73,44.5,790,333,0
4,0.0174,0.154,1.75,0.822,0.0142,0.14,1.4,0.681,5.71,43.6,792,304,0
4,0.0237,0.163,1.52,0.827,0.0178,0.148,1.17,0.709,7.84,45.5,664,277,0
4,0.0249,0.16,1.28,0.774,0.0191,0.145,1.01,0.659,8.16,45,583,268,0
4,0.0301,0.163,1.56,0.781,0.0225,0.148,1.23,0.667,11.9,45.9,742,280,0
4,0.0114,0.158,1.71,0.749,0.00982,0.143,1.38,0.65,3.97,44.4,781,254,0
4,0.012,0.157,1.2,0.713,0.0105,0.142,0.918,0.612,3.93,43.8,510,249,0
4,0.0188,0.156,1.24,0.784,0.0138,0.142,0.954,0.673,7.39,43.9,542,283,0
4,0.0126,0.157,1.82,0.759,0.0094,0.142,1.52,0.635,5.79,43.8,914,303,0
4,0.0161,0.16,1.41,0.73,0.0119,0.145,1.11,0.621,6.47,44.9,634,275,0
4,0.0263,0.154,1.6,0.836,0.0167,0.14,1.26,0.693,9.99,42.9,669,345,0
4,0.0087,0.156,1.2,0.705,0.00653,0.142,0.923,0.594,4.62,43.5,517,258,0
4,0.0186,0.156,1.67,0.762,0.0128,0.142,1.32,0.653,7.59,43.5,765,280,0
4,0.0167,0.155,1.17,0.694,0.0124,0.141,0.893,0.595,6.95,43,515,240,0
4,0.0172,0.154,1.49,0.702,0.0127,0.14,1.17,0.603,6.77,42.9,656,239,0
4,0.0338,0.151,1.06,0.772,0.0228,0.137,0.809,0.661,12.2,42.1,419,274,0
4,0.0208,0.153,1.68,0.806,0.0171,0.139,1.3,0.669,7.6,42.7,687,304,0
4,0.0209,0.151,1.41,0.69,0.0181,0.137,1.11,0.593,7.56,42,637,236,0
4,0.0631,0.155,1.81,0.79,0.0451,0.14,1.42,0.655,23.3,44.4,784,317,0
4,0.0389,0.152,1.48,0.75,0.0331,0.138,1.16,0.634,12.9,42.5,687,276,0
4,0.0436,0.153,2.11,0.822,0.0366,0.138,1.81,0.67,15.4,43.6,1030,319,0
4,0.0481,0.155,1.67,0.726,0.0423,0.14,1.34,0.623,15.5,43.2,789,263,0
4,0.036,0.0885,1.13,0.487,0.0311,0.0782,0.832,0.403,11.6,25.6,496,195,0
4,0.0395,0.0899,1.54,0.612,0.0342,0.079,1.21,0.478,12.3,27.3,726,268,0
4,0.0388,0.0864,1.81,0.492,0.0341,0.0767,1.48,0.404,11.7,25.4,883,224,0
4,0.0383,0.085,1.33,0.475,0.0335,0.0753,1.04,0.394,11.4,24.5,630,196,0
4,0.0405,0.0862,2.11,0.499,0.0355,0.0767,1.78,0.401,12.3,24.8,1020,223,0
4,0.0381,0.0871,1.51,0.521,0.0339,0.0772,1.13,0.414,11.1,25,638,220,0
4,0.0448,0.0908,1.34,0.47,0.0364,0.0784,0.854,0.386,13.4,27.6,443,183,0
4,0.0409,0.0848,1.68,0.577,0.0356,0.0752,1.32,0.456,12.7,24.8,764,236,0
4,0.0397,0.0867,1.35,0.414,0.0341,0.0767,1.02,0.354,11.8,25.2,583,154,0
5,0.139,0.107,0.937,1.39,0.123,0.0928,0.785,1.24,39.8,32.8,408,399,0
5,0.14,0.103,1.13,1.36,0.124,0.0908,0.904,1.21,39.7,30.6,463,388,0
5,0.136,0.0918,0.937,1.17,0.122,0.0823,0.754,1.04,38,26.3,438,336,0
5,0.14,0.0947,0.863,1.17,0.125,0.0836,0.699,1.05,39.8,29,368,339,0
5,0.144,0.0944,0.898,1.12,0.127,0.0836,0.743,1,40.9,28.9,361,321,0
5,0.152,0.102,0.863,1.16,0.134,0.0876,0.701,1.03,43.7,31.7,379,324,0
5,0.0445,0.0945,0.835,1.12,0.0389,0.0827,0.692,0.994,12.7,30.5,331,320,0
5,0.0521,0.0504,1.06,1.5,0.035,0.0449,0.881,1.22,12.6,14.1,336,378,0
5,0.0466,0.117,0.792,2.41,0.0377,0.102,0.606,2.18,13.7,40.3,274,642,0
5,0.0435,0.114,0.674,2.49,0.0361,0.0973,0.564,2.26,13.5,39.7,239,645,0
5,0.0955,0.0911,0.988,2.65,0.084,0.0818,0.799,2.44,27.2,26.1,321,656,0
5,0.148,0.0768,0.866,1.88,0.133,0.0681,0.729,1.69,41.3,26.5,292,523,0
5,0.123,0.0799,1.08,2.13,0.109,0.0715,0.832,1.91,34.5,23.8,370,592,0
5,0.114,0.0804,0.764,2.03,0.102,0.0721,0.664,1.83,32.1,23.6,251,568,0
5,0.116,0.0823,1.12,0.0166,0.102,0.0722,0.862,0.0146,32.7,26.8,420,6.17,0
5,0.0795,0.0797,0.769,0.0175,0.0714,0.0711,0.677,0.0156,22.4,23.6,238,6.1,0
5,0.0796,0.0824,0.752,0.0177,0.0717,0.0739,0.661,0.0158,22.3,23.8,230,6.1,0
5,0.0825,0.0838,0.817,0.0179,0.0732,0.0747,0.691,0.016,23.3,24.5,276,6.18,0
5,0.0728,0.0835,0.723,0.0177,0.065,0.0746,0.639,0.0158,20.7,23.9,226,6.07,0
5,0.0734,0.0862,0.745,0.0178,0.0639,0.0777,0.665,0.0159,21,24.5,233,6.1,0
5,0.0721,0.0835,0.772,0.0177,0.0639,0.0749,0.679,0.0158,20.4,23.9,257,6.06,0
5,0.0655,0.0802,1.06,0.0178,0.0581,0.0722,0.8,0.0158,18.5,22.5,315,6.1,0
5,0.0647,0.0825,1.37,0.0178,0.0578,0.0743,1.03,0.0159,18.4,23.2,456,6.11,0
5,0.0745,0.0922,1.07,0.018,0.0621,0.0798,0.851,0.016,20.9,29,439,6.14,0
5,0.0619,0.0818,1.09,0.0179,0.0555,0.0736,0.852,0.0159,17.5,23.1,380,6.14,0
5,0.068,0.0852,0.902,0.018,0.0604,0.0762,0.746,0.016,19.2,24.4,332,6.18,0
5,0.0627,0.0824,0.921,0.0478,0.0554,0.074,0.742,0.0241,18,23.5,304,8.51,0
5,0.0658,0.0812,0.747,0.0177,0.0587,0.073,0.646,0.0157,18.5,22.8,236,6.3,0
5,0.0617,0.081,0.799,0.0227,0.0549,0.0727,0.665,0.0177,17.4,22.8,285,6.66,0
5,0.0641,0.0821,0.766,0.0176,0.0565,0.0736,0.658,0.0157,18,23.3,250,6.15,0
5,0.0628,0.0806,0.727,0.0179,0.0561,0.0724,0.637,0.0159,17.9,22.9,228,6.21,0
5,0.0624,0.0812,0.71,0.0178,0.0558,0.073,0.631,0.0159,17.6,22.9,219,6.2,0
5,0.0599,0.0807,0.793,0.0178,0.0536,0.0724,0.672,0.0158,16.9,22.8,249,6.24,0
5,0.0608,0.0822,0.902,0.0178,0.0542,0.0739,0.718,0.0158,17.3,23.2,309,6.23,0
5,0.0572,0.0818,0.735,0.0177,0.0513,0.0735,0.645,0.0157,16.1,23.2,249,6.13,0
5,0.0571,0.082,0.712,0.261,0.0515,0.0737,0.626,0.0927,16.1,23.1,220,43.2,0
5,0.0545,0.0803,0.709,0.242,0.0489,0.0723,0.627,0.127,15.4,22.6,230,58.1,0
5,0.0535,0.082,0.79,0.0198,0.048,0.0737,0.665,0.0169,15,23.2,260,7.96,0
5,0.0537,0.0826,0.927,0.0178,0.0481,0.0742,0.749,0.0158,15.2,23.5,354,6.64,0
5,0.0556,0.0851,0.783,0.0182,0.0484,0.0766,0.671,0.0161,16,24.3,303,7.1,0
5,0.0526,0.0806,0.716,0.0181,0.0463,0.0725,0.629,0.016,15,22.8,231,6.52,0
5,0.0526,0.0776,0.697,0.0179,0.0464,0.0698,0.616,0.0158,15.1,21.8,221,6.62,0
5,0.0551,0.0785,0.692,0.0178,0.0473,0.0706,0.617,0.0158,16.8,21.9,207,6.43,0
5,0.0558,0.0825,0.869,0.0179,0.0477,0.0743,0.71,0.0158,16.6,23.1,313,6.6,0
5,0.0641,0.0992,0.849,0.017,0.0526,0.0887,0.718,0.0151,19.5,28.4,259,5.7,0
5,0.0485,0.0955,0.967,0.0172,0.041,0.0856,0.789,0.0152,15.6,26.7,337,5.82,0
5,0.0539,0.0957,0.702,0.017,0.0462,0.0858,0.632,0.0152,15.9,26.6,208,5.6,0
5,0.0658,0.0974,0.839,0.017,0.0552,0.0868,0.688,0.0151,19.7,27.8,286,5.61,0
5,0.0628,0.0947,0.865,0.0172,0.053,0.0849,0.726,0.0153,19.7,26.4,275,5.63,0
5,0.0614,0.0948,0.7,0.017,0.052,0.0852,0.63,0.0152,18.2,26.2,203,5.55,0
5,0.0609,0.0955,0.912,0.0169,0.0524,0.0856,0.741,0.0151,17.8,26.5,272,5.66,0
5,0.0661,0.0961,0.693,0.017,0.0562,0.0861,0.622,0.0151,19.5,26.7,207,5.59,0
5,0.0679,0.0961,0.971,0.0171,0.0585,0.0862,0.772,0.0153,20,26.8,315,5.61,0
5,0.0615,0.0983,0.727,0.017,0.0523,0.0879,0.643,0.0152,18.1,27.6,234,5.55,0
5,0.0631,0.0945,0.718,0.017,0.0537,0.0847,0.64,0.0152,18.4,26.1,217,5.56,0
5,0.0657,0.0943,0.71,0.0169,0.0567,0.0845,0.635,0.0152,19.4,26.3,213,5.6,0
5,0.0738,0.0958,0.692,0.017,0.0639,0.0858,0.622,0.0152,22.7,26.6,202,5.56,0
5,0.0752,0.0978,0.696,0.017,0.0655,0.0874,0.628,0.0152,21.9,27.4,204,5.6,0
5,0.0813,0.0958,0.693,0.017,0.0705,0.086,0.626,0.0152,24.1,26.5,201,5.57,0
5,0.156,0.0925,1.12,0.0172,0.14,0.0829,0.931,0.0153,43,26,437,5.56,0
5,0.154,0.0912,0.997,0.0172,0.139,0.0817,0.847,0.0154,42.3,25.2,355,5.61,0
5,0.184,0.0889,1.04,0.0172,0.166,0.0794,0.864,0.0152,51,25,457,5.75,0
5,0.226,0.0903,0.761,0.0171,0.203,0.0811,0.678,0.0152,62.4,24.9,229,5.55,0
5,0.229,0.0909,0.888,0.0172,0.205,0.0814,0.753,0.0153,63.3,25.6,296,5.49,0
5,0.211,0.0914,1.03,0.0172,0.189,0.0822,0.828,0.0152,58.3,25.3,407,5.65,0
5,0.211,0.0913,0.869,0.0172,0.19,0.0819,0.731,0.0153,58.3,25.2,286,5.53,0
5,0.198,0.0881,0.734,0.0191,0.178,0.0791,0.659,0.0162,54.6,24.2,215,5.76,0
5,0.198,0.0806,0.747,0.0177,0.177,0.0723,0.628,0.0158,55.5,22.8,257,6,0
5,0.183,0.0798,0.649,0.0178,0.164,0.0718,0.577,0.0158,51.2,22.3,195,6.03,0
5,0.156,0.0776,0.676,0.0181,0.139,0.0699,0.607,0.0161,43.5,21.7,199,6.21,0
5,0.139,0.0814,0.664,0.0178,0.125,0.0733,0.591,0.0158,39.2,22.7,203,6.03,0
5,0.151,0.0804,0.681,0.018,0.135,0.0724,0.609,0.016,42.7,22.6,201,6.06,0
5,0.175,0.0846,1.56,0.0179,0.157,0.0756,1.23,0.0159,49.5,23.9,671,6,0
5,0.18,0.082,0.694,0.0178,0.162,0.0738,0.613,0.0158,50.3,22.9,214,6.07,0
5,0.193,0.0821,0.674,0.018,0.172,0.0739,0.597,0.0159,54.2,23,203,6.15,0
5,0.199,0.0787,0.699,0.0178,0.178,0.0708,0.595,0.0159,56.1,22.1,215,6.06,0
5,0.224,0.0813,0.992,0.0179,0.201,0.0732,0.746,0.0159,62.6,22.7,326,6.1,0
5,0.233,0.0796,0.693,0.018,0.209,0.0717,0.616,0.016,65.7,22.3,207,6.03,0
5,0.26,0.0815,0.692,0.0179,0.234,0.0734,0.61,0.0159,73,22.9,218,6.08,0
5,0.253,0.0867,1.47,0.0181,0.228,0.078,1.12,0.016,71.1,24.6,530,6.18,0
5,0.25,0.0803,0.645,0.0178,0.225,0.0724,0.579,0.0159,70.6,22.5,188,6.04,0
5,0.253,0.0791,0.614,0.0179,0.228,0.0711,0.538,0.016,71.1,22.1,192,6.07,0
5,0.228,0.0855,0.943,0.018,0.205,0.0771,0.717,0.0159,64.1,24,336,6.27,0
5,0.244,0.0852,1.38,0.0183,0.22,0.0768,1.03,0.0161,68.9,24,537,6.31,0
5,0.242,0.0852,0.808,0.0178,0.217,0.0767,0.645,0.0158,67.8,23.8,262,6.09,0
5,0.235,0.0826,0.586,0.0179,0.211,0.0745,0.523,0.0159,66.2,23.2,176,6.07,0
5,0.225,0.0827,0.586,0.0179,0.202,0.0745,0.524,0.0159,63.4,23.2,172,6.08,0
5,0.22,0.0838,0.737,0.018,0.197,0.0754,0.604,0.016,61.6,23.4,240,6.05,0
5,0.212,0.0857,1.09,0.018,0.19,0.0773,0.836,0.016,59.8,24,419,6.15,0
5,0.21,0.0836,0.587,0.0179,0.188,0.0753,0.522,0.0159,59.3,23.5,175,6.02,0
5,0.213,0.081,0.688,0.018,0.192,0.073,0.575,0.016,60.2,22.8,239,5.98,0
5,0.234,0.084,0.908,0.018,0.211,0.0757,0.72,0.0159,65.4,23.6,310,6.09,0
5,0.238,0.0839,0.613,0.0178,0.214,0.0756,0.545,0.0158,66.6,23.6,184,6.05,0
5,0.24,0.0842,0.606,0.0179,0.216,0.0759,0.543,0.0159,66.9,23.6,179,6.04,0
5,0.249,0.0831,0.723,0.018,0.224,0.0748,0.602,0.016,69.7,23.4,232,6.02,0
5,0.273,0.0846,1.39,0.0182,0.245,0.0762,1.04,0.016,76.6,23.7,530,6.33,0
5,0.278,0.0859,1.22,0.0182,0.249,0.0774,0.896,0.0161,77.9,24.2,476,6.27,0
5,0.276,0.0818,0.779,0.018,0.248,0.0737,0.631,0.0159,77,22.9,277,5.97,0
5,0.26,0.0791,0.749,0.0178,0.233,0.0712,0.62,0.0158,72.6,22.1,247,5.99,0
5,0.277,0.0802,0.839,0.0179,0.248,0.0723,0.655,0.0159,77.7,22.5,269,6.03,0
6,0.12,0.351,0.454,0.0171,0.108,0.316,0.415,0.0153,33.3,97.4,124,5.02,0
6,0.12,0.355,0.457,0.017,0.108,0.318,0.418,0.0153,33,97.9,124,5,0
6,0.122,0.361,0.455,0.0171,0.11,0.324,0.414,0.0153,33.8,99.4,125,4.99,0
6,0.12,0.357,0.453,0.0171,0.109,0.321,0.414,0.0153,33.2,98.4,124,4.96,0
6,0.186,0.391,2.36,0.0173,0.167,0.352,2.16,0.0152,51.3,108,625,4.84,0
6,0.111,0.319,0.487,0.0318,0.1,0.286,0.444,0.0222,30.9,88.1,133,8.52,0
6,0.11,0.33,0.47,0.0289,0.0996,0.296,0.429,0.02,30.7,91.6,130,6.85,0
6,0.114,0.348,0.465,0.0176,0.102,0.312,0.425,0.0157,31.5,96.4,128,5.2,0
6,0.112,0.346,0.464,0.0173,0.101,0.31,0.423,0.0155,31.1,95.7,129,5.19,0
6,0.112,0.347,0.461,0.0172,0.101,0.312,0.42,0.0154,31.3,96.2,127,5.16,0
6,0.112,0.349,0.46,0.0171,0.101,0.314,0.42,0.0153,31.2,96.8,126,5.24,0
6,0.115,0.358,0.464,0.0188,0.104,0.322,0.424,0.0165,31.8,98.9,128,5.46,0
6,0.106,0.327,0.495,0.0224,0.0958,0.293,0.451,0.018,29.6,90.7,138,6,0
6,0.102,0.325,0.499,0.0176,0.0923,0.292,0.456,0.0158,28.6,90.2,139,5.23,0
6,0.104,0.335,0.494,0.0194,0.0941,0.3,0.451,0.0166,29,93.1,136,5.47,0
6,0.104,0.34,0.487,0.0186,0.0945,0.305,0.445,0.0163,28.9,93.8,135,5.4,0
6,0.104,0.341,0.492,0.0179,0.0941,0.307,0.451,0.016,28.8,94.4,136,5.32,0
6,0.104,0.344,0.491,0.018,0.0941,0.309,0.449,0.0161,29,95.1,136,5.33,0
6,0.103,0.341,0.492,0.0179,0.0935,0.307,0.45,0.0159,28.7,94.9,136,5.35,0
6,0.103,0.342,0.493,0.0177,0.093,0.307,0.45,0.0157,28.6,94.7,137,5.36,0
6,0.166,0.321,0.659,0.0582,0.123,0.282,0.537,0.0338,43.3,90.3,162,16.4,0
6,0.236,0.373,0.459,0.0184,0.212,0.334,0.418,0.0163,64.9,108,128,5.55,0
6,0.237,0.322,0.447,0.0178,0.214,0.288,0.407,0.0159,65.1,92.8,124,5.43,0
6,0.276,0.124,0.423,0.0178,0.249,0.111,0.384,0.0158,76.1,34.6,116,5.54,0
6,0.237,0.162,0.448,0.018,0.214,0.144,0.408,0.016,66,47,123,5.35,0
6,0.236,0.161,0.449,0.0184,0.213,0.143,0.408,0.0162,65.2,46.9,123,5.46,0
6,0.235,0.158,0.444,0.0174,0.212,0.141,0.403,0.0156,65.1,46.2,122,5.32,0
6,0.238,0.157,0.441,0.0175,0.215,0.14,0.401,0.0157,65.6,45.9,122,5.41,0
6,0.239,0.184,0.445,0.0176,0.216,0.164,0.406,0.0157,66.3,53.8,122,5.42,0
6,0.238,0.19,0.447,0.0176,0.215,0.17,0.407,0.0158,65.9,56,123,5.39,0
6,0.196,0.151,0.371,0.0189,0.177,0.136,0.328,0.0168,55.7,42.3,107,6.05,0
6,0.196,0.134,0.361,0.0175,0.176,0.121,0.319,0.0154,55.4,37.7,104,6.13,0
6,0.216,0.133,0.384,0.0176,0.195,0.12,0.34,0.0155,61,37.7,111,6.06,0
6,0.208,0.211,0.42,0.0204,0.188,0.19,0.371,0.0183,59.2,58.8,122,6.89,0
6,0.197,0.141,0.372,0.0201,0.178,0.127,0.329,0.0181,55.9,39.7,108,6.84,0
6,0.197,0.145,0.366,0.0205,0.178,0.131,0.325,0.0185,55.8,40.8,106,6.91,0
6,0.195,0.143,0.364,0.0203,0.177,0.129,0.323,0.0183,55.5,40.1,104,6.84,0
6,0.194,0.141,0.365,0.02,0.175,0.127,0.323,0.018,54.9,39.9,105,6.81,0
6,0.195,0.139,0.368,0.0199,0.176,0.125,0.327,0.018,55.2,39.2,106,6.78,0
6,0.193,0.135,0.363,0.0198,0.175,0.122,0.323,0.0178,54.7,38.3,105,6.79,0
6,0.19,0.167,0.387,0.0181,0.171,0.15,0.343,0.0161,53.8,47,112,6.4,0
6,0.183,0.139,0.381,0.0187,0.166,0.125,0.337,0.0168,52.2,39.1,110,6.54,0
6,0.179,0.131,0.375,0.0184,0.161,0.118,0.334,0.0164,50.7,37.3,108,6.43,0
6,0.178,0.134,0.379,0.0182,0.161,0.121,0.336,0.0163,50.6,37.5,110,6.42,0
6,0.176,0.132,0.375,0.0183,0.159,0.119,0.334,0.0164,50.3,37.3,109,6.45,0
6,0.184,0.134,0.378,0.0184,0.166,0.12,0.335,0.0165,52.1,37.8,110,6.42,0
6,0.18,0.126,0.377,0.0182,0.162,0.113,0.336,0.0162,50.8,35.8,109,6.35,0
6,0.182,0.13,0.377,0.018,0.164,0.117,0.334,0.0159,51.9,36.6,109,6.21,0
6,0.181,0.128,0.375,0.0181,0.164,0.115,0.333,0.0161,51.7,36.2,108,6.27,0
6,0.19,0.127,0.369,0.018,0.171,0.114,0.329,0.0159,53.8,36.1,105,6.2,0
6,0.185,0.121,0.369,0.0178,0.167,0.109,0.326,0.0158,52.6,34.2,106,6.21,0
6,0.185,0.12,0.367,0.018,0.167,0.108,0.326,0.0159,52.3,34.1,105,6.2,0
6,0.189,0.12,0.365,0.0179,0.171,0.108,0.324,0.0158,54,33.9,104,6.24,0
6,0.196,0.128,0.368,0.019,0.177,0.115,0.327,0.0163,55.8,36.2,107,6.38,0
6,0.193,0.135,0.379,0.0181,0.174,0.121,0.336,0.0159,54.9,38.1,109,6.24,0
6,0.189,0.131,0.372,0.0179,0.171,0.118,0.33,0.0159,53.8,36.9,106,6.24,0
6,0.192,0.131,0.37,0.018,0.173,0.118,0.329,0.0159,54.2,37.2,106,6.18,0
6,0.19,0.128,0.37,0.0177,0.172,0.115,0.328,0.0156,54.1,36,105,6.13,0
6,0.194,0.158,0.371,0.0186,0.175,0.142,0.33,0.0164,55.1,44.4,106,6.33,0
6,0.189,0.156,0.379,0.0181,0.17,0.141,0.337,0.016,53.5,43.7,107,6.27,0
6,0.187,0.155,0.382,0.018,0.169,0.14,0.34,0.0159,53.1,43.6,111,6.26,0
6,0.19,0.16,0.381,0.018,0.171,0.144,0.339,0.0159,53.9,44.9,110,6.25,0
6,0.193,0.162,0.377,0.0181,0.174,0.146,0.335,0.016,54.5,45.7,108,6.21,0
6,0.198,0.171,0.382,0.069,0.179,0.154,0.339,0.0341,56.4,47.9,110,13.4,0
6,0.157,0.375,0.433,0.0178,0.142,0.337,0.385,0.0156,44.6,104,126,6.17,0
6,0.158,0.378,0.447,0.0183,0.142,0.34,0.397,0.0162,44.8,105,131,6.71,0
6,0.169,0.375,0.395,0.0177,0.152,0.338,0.351,0.0155,47.9,104,115,6.05,0
6,0.168,0.372,0.398,0.018,0.152,0.335,0.353,0.0157,47.7,104,115,6.18,0
6,0.17,0.368,0.394,0.0181,0.153,0.331,0.35,0.016,47.9,102,115,6.2,0
6,0.171,0.372,0.398,0.0177,0.154,0.335,0.353,0.0155,48.4,104,114,6.06,0
6,0.171,0.374,0.396,0.0186,0.154,0.337,0.352,0.0161,48.6,104,113,6.22,0
6,0.169,0.364,0.384,0.0203,0.152,0.328,0.341,0.0171,47.7,101,111,6.86,0
6,0.168,0.363,0.389,0.018,0.151,0.326,0.345,0.0159,47.7,101,113,6.12,0
6,0.168,0.363,0.387,0.018,0.152,0.326,0.344,0.0159,47.7,101,112,6.18,0
6,0.169,0.366,0.393,0.018,0.153,0.329,0.348,0.0159,47.9,101,114,6.08,0
6,0.169,0.368,0.395,0.0178,0.153,0.331,0.351,0.0157,47.8,102,113,6.15,0
6,0.172,0.375,0.397,0.0177,0.156,0.338,0.353,0.0155,48.6,104,114,6.06,0
6,0.171,0.376,0.405,0.0177,0.154,0.338,0.359,0.0155,48.3,104,117,6.04,0
6,0.16,0.352,0.405,0.0178,0.144,0.317,0.36,0.0156,45.3,97.7,116,6.12,0
6,0.157,0.346,0.403,0.021,0.142,0.311,0.359,0.0176,44.4,95.7,115,6.66,0
6,0.154,0.338,0.399,0.018,0.139,0.305,0.354,0.0158,43.5,93.9,114,6.16,0
6,0.237,0.646,0.59,0.094,0.214,0.58,0.529,0.0519,66.9,179,172,19.8,0
6,0.242,0.636,0.57,0.0206,0.219,0.572,0.511,0.0174,68.5,177,168,6.52,0
6,0.244,0.639,0.567,0.0184,0.22,0.575,0.509,0.0161,68.8,177,166,5.95,0
6,0.242,0.634,0.56,0.0177,0.218,0.571,0.502,0.0157,68.1,176,164,5.83,0
6,0.242,0.633,0.587,0.0207,0.218,0.57,0.525,0.0172,68.2,176,173,6.74,0
6,0.262,0.648,0.569,0.0194,0.237,0.583,0.509,0.0165,73.8,180,167,6.32,0
6,0.246,0.618,0.57,0.0191,0.222,0.556,0.511,0.0166,69.4,171,167,6.32,0
6,0.237,0.577,0.581,0.0177,0.214,0.519,0.521,0.0158,66.7,160,169,5.89,0
6,0.239,0.579,0.581,0.0177,0.216,0.521,0.52,0.0158,67.4,160,170,5.87,0
6,0.24,0.581,0.584,0.0176,0.217,0.523,0.523,0.0157,67.6,161,170,5.87,0
6,0.242,0.581,0.579,0.0176,0.219,0.523,0.519,0.0158,68.3,161,169,5.85,0
6,0.243,0.583,0.58,0.0176,0.22,0.524,0.519,0.0157,68.2,161,170,5.86,0
6,0.244,0.583,0.573,0.021,0.22,0.525,0.514,0.0174,68.6,161,167,6.68,0
6,0.247,0.583,0.565,0.0177,0.223,0.525,0.506,0.0157,69.6,161,165,5.87,0
6,0.252,0.604,0.573,0.0177,0.228,0.544,0.513,0.0157,71.2,167,167,6.01,0
6,0.266,0.577,0.581,0.0211,0.24,0.519,0.52,0.0175,74.8,159,170,7.71,0
6,0.263,0.569,0.576,0.0177,0.237,0.512,0.515,0.0159,73.8,157,169,5.84,0
6,0.27,0.58,0.571,0.0177,0.244,0.522,0.509,0.0159,76,161,168,5.85,0
6,0.334,0.699,0.724,0.017,0.302,0.624,0.657,0.0154,91.6,202,202,5.03,0
